UniProt	Cdd	Ko	Pfam
P37333	CDD:239550	K08689	PF00355.27
Q52028	CDD:239550	K08689	PF00355.27
Q46372	CDD:239550	K08689	PF00355.27
P0C618	CDD:239550	K03268	PF00355.27
A5W4F2	CDD:239550	K03268	PF00355.27
Q07944	CDD:239550	-	PF00355.27
Q83K39	CDD:239550	K05708	PF00355.27
Q3YZ15	CDD:239550	K05708	PF00355.27
P0ABR5	CDD:239550	K05708	PF00355.27
P0ABR6	CDD:239550	K05708	PF00355.27
Q0T1Y1	CDD:239550	K05708	PF00355.27
A8A344	CDD:239550	K05708	PF00355.27
Q31XV2	CDD:239550	K05708	PF00355.27
Q7N4W0	CDD:239550	K05708	PF00355.27
Q51494	CDD:239550	K14579	PF00355.27
P0A111	CDD:239550	K14579	PF00355.27
P0A110	CDD:239550	K14579	PF00355.27
O52382	CDD:239550	K14579	PF00355.27
O07824	CDD:239550	K14579	PF00355.27
Q45695	CDD:239550	K14579	PF00355.27
P07769	CDD:239550	K05549	PF00355.27
P23099	CDD:239550	K05549	PF00355.27
O85673	CDD:239550	K05599	PF00355.27
O52379	CDD:239550	K18242	PF00355.27
Q51601	CDD:239550	K05549	PF00355.27
Q9RBG5	CDD:239550	K16968	PF00355.27
Q84BZ3	CDD:239550	K16319	PF00355.27
Q51974	CDD:239550	K10619	PF00355.27
Q3C1E3	CDD:239550	K18074	PF00355.27
Q3C1D5	CDD:239550	K18074	PF00355.27
Q9X404	CDD:239550	K16968	PF00355.27
P0ABR7	CDD:239550	K22443	PF00355.27
P0ABR8	CDD:239550	K22443	PF00355.27
F0KFI5	CDD:239550	K22443	PF00355.27
D0C9N6	CDD:239550	K22443	PF00355.27
